Name, Median Time, Min Time, Max Time, Median Frame Index, Min Frame Index, Max Frame Index, Min Depth, Max Depth, Total Time, Mean Time, Time Lower Quartile, Time Upper Quartile, Count Total, Count Median, Count Min, Count Max, Number of frames containing Marker, First Frame Index, Time Min Individual, Time Max Individual, Min Individual Frame, Max Individual Frame, Time at Median Frame
"GC.Collect",1.062792,0.994,2.800125,27678,27792,27677,4,6,8.55566674470901,1.711133,1.033625,2.665125,5,1,1,1,5,27677,0.994,2.800125,27792,27677,0
"EditorLoop",0.687916,0.582209,144.7921,27619,27631,27907,1,1,364.523151539266,1.215077,0.657376,0.720001,900,3,3,3,300,27608,0.037584,138.348,27708,27907,0.653751
"PlayerLoop",0.448208,0.413333,3.318416,27765,27840,27677,1,1,148.549029328482,0.4951634,0.437084,0.463167,900,3,3,3,300,27608,0,3.238083,27611,27677,0.477125
"Update.ScriptRunBehaviourUpdate",0.3405,0.319583,3.178792,27636,27840,27677,2,2,109.396087050438,0.3646536,0.334,0.351167,300,1,1,1,300,27608,0.319583,3.178792,27840,27677,0.35425
"BehaviourUpdate",0.340459,0.319459,3.17875,27636,27840,27677,3,3,109.360751509666,0.3645358,0.333875,0.351,300,1,1,1,300,27608,0.319459,3.17875,27840,27677,0.354167
"Assembly-CSharp.dll!::Test.Update() [Invoke]",0.339417,0.318875,3.173333,27636,27840,27677,4,4,109.048212528229,0.363494,0.333041,0.350042,300,1,1,1,300,27608,0.318875,3.173333,27840,27677,0.353416
"Serialization.String.NewtonsoftJson",0.126125,0.118334,2.941709,27754,27699,27677,5,5,41.0266808792949,0.1367556,0.123958,0.129,300,1,1,1,300,27608,0.118334,2.941709,27699,27677,0.128958
"Deserialization.String.NewtonsoftJson",0.08675,0.07925,2.78375,27834,27772,27905,5,5,29.2896789833903,0.09763227,0.084542,0.089583,300,1,1,1,300,27608,0.07925,2.78375,27772,27905,0.099625
"Profiler.FlushCounters",0.056917,0.043875,0.114166,27855,27757,27838,1,1,19.4373769387603,0.06479125,0.053541,0.072416,300,1,1,1,300,27608,0.043875,0.114166,27757,27838,0.065625
"Profiler.FlushMemoryCounters",0.051166,0.038708,0.108042,27787,27757,27838,2,2,17.6024879403412,0.05867496,0.047708,0.065792,300,1,1,1,300,27608,0.038708,0.108042,27757,27838,0.060084
"Camera.Render",0.043959,0.036333,0.090333,27627,27664,27907,2,2,13.5393379591405,0.04513113,0.04125,0.047,300,1,1,1,300,27608,0.036333,0.090333,27664,27907,0.043125
"Deserialization.String.MessagePack",0.033292,0.028417,0.056916,27762,27636,27745,5,5,10.4000739790499,0.03466691,0.031709,0.036,300,1,1,1,300,27608,0.028417,0.056916,27636,27745,0.031459
"Serialization.String.MessagePack",0.029166,0.025541,0.048792,27885,27719,27827,5,5,9.13041395880282,0.03043471,0.027917,0.031375,300,1,1,1,300,27608,0.025541,0.048792,27719,27827,0.03
"TextRendering.Cleanup",0.028331,0.028331,0.028331,27670,27670,27670,4,4,0.0283309997757897,0.028331,0.028331,0.028331,42,42,42,42,1,27670,0.000375,0.001625,27670,27670,0
"Culling",0.019125,0.013792,0.043708,27762,27718,27907,3,3,5.97995997499675,0.0199332,0.01725,0.021792,300,1,1,1,300,27608,0.013792,0.043708,27718,27907,0.018
"SceneCulling",0.012959,0.008417,0.033625,27648,27662,27726,4,4,4.10512798558921,0.01368376,0.01125,0.015583,300,1,1,1,300,27608,0.008417,0.033625,27662,27726,0.011625
"GC.Alloc",0.01008199,0.007408997,0.03300599,27744,27780,27745,6,6,3.25168597482116,0.01083895,0.009254994,0.01225399,109500,365,365,365,300,27608,0,0.024875,27608,27745,0.009749996
"Serialization.String.Protobuf-Net",0.0095,0.007542,0.025166,27660,27695,27778,5,5,2.98033999837935,0.009934466,0.008958,0.010333,300,1,1,1,300,27608,0.007542,0.025166,27695,27778,0.011583
"Deserialization.String.Protobuf-Net",0.008417,0.007,0.035334,27805,27786,27680,5,5,2.64525099750608,0.008817503,0.007958,0.009084,300,1,1,1,300,27608,0.007,0.035334,27786,27680,0.008083
"Serialization.String.JsonUtility",0.008416,0.006959,0.019541,27685,27747,27678,5,5,2.63691199431196,0.008789707,0.007833,0.009166,300,1,1,1,300,27608,0.006959,0.019541,27747,27678,0.008167
"PrepareSceneNodes",0.008125,0.004167,0.021541,27668,27807,27633,5,5,2.49474498396739,0.008315817,0.005958,0.010125,300,1,1,1,300,27608,0.004167,0.021541,27807,27633,0.005375
"Drawing",0.007792,0.006958,0.016,27794,27895,27907,3,3,2.43870500102639,0.008129016,0.007542,0.008208,300,1,1,1,300,27608,0.006958,0.016,27895,27907,0.008125
"Deserialization.String.JsonUtility",0.007375,0.006208,0.020584,27660,27644,27852,5,5,2.33499399293214,0.007783313,0.007083,0.007875,300,1,1,1,300,27608,0.006208,0.020584,27644,27852,0.007375
"EarlyUpdate.PollPlayerConnection",0.005875,0.002666,0.015208,27742,27890,27792,2,2,1.90608099615201,0.006353603,0.005458,0.006542,300,1,1,1,300,27608,0.002666,0.015208,27890,27792,0.005958
"Serialization.String.JsonSerializer",0.005417,0.004292,0.01375,27710,27745,27775,5,5,1.71627999329939,0.005720933,0.005125,0.005875,300,1,1,1,300,27608,0.004292,0.01375,27745,27775,0.00575
"Deserialization.String.JsonSerializer",0.004542,0.003625,0.011917,27639,27681,27775,5,5,1.4517929921858,0.00483931,0.004292,0.004958,300,1,1,1,300,27608,0.003625,0.011917,27681,27775,0.004708
"Deserialization.Bytes.Protobuf-Net",0.0045,0.004,0.026,27802,27804,27714,5,5,1.43458899809048,0.004781963,0.004292,0.005042,300,1,1,1,300,27608,0.004,0.026,27804,27714,0.004208
"UpdateDepthTexture",0.0045,0.00375,0.015542,27896,27675,27761,3,3,1.42299599433318,0.00474332,0.004208,0.004875,300,1,1,1,300,27608,0.00375,0.015542,27675,27761,0.004834
"PostLateUpdate.UpdateAudio",0.004375,0.003708,0.020375,27755,27640,27747,2,2,1.48258499451913,0.00494195,0.004084,0.004792,300,1,1,1,300,27608,0.003708,0.020375,27640,27747,0.004291
"EditorConnection.PollAllCustomMessages",0.004208,0.00175,0.011542,27671,27890,27727,3,3,1.36874699487817,0.00456249,0.003875,0.00475,300,1,1,1,300,27608,0.00175,0.011542,27890,27727,0.004209
"AudioManager.Update",0.004084,0.003458,0.020167,27858,27681,27747,3,3,1.39912899606861,0.004663763,0.003833,0.0045,300,1,1,1,300,27608,0.003458,0.020167,27681,27747,0.003917
"Serialization.Bytes.Protobuf-Net",0.004083,0.003458,0.007,27715,27865,27794,5,5,1.26974699855782,0.00423249,0.003875,0.004375,300,1,1,1,300,27608,0.003458,0.007,27865,27794,0.003667
"PreUpdate.SendMouseEvents",0.003541,0.003,0.010209,27826,27840,27678,2,2,1.11332799424417,0.003711093,0.003375,0.003709,300,1,1,1,300,27608,0.003,0.010209,27840,27678,0.003708
"Deserialization.Bytes.MessagePack",0.0035,0.003208,0.015125,27737,27620,27640,5,5,1.12313399324194,0.00374378,0.003416,0.003625,300,1,1,1,300,27608,0.003208,0.015125,27620,27640,0.004584
"Monobehaviour.OnMouse_",0.0035,0.002958,0.010209,27800,27840,27678,3,3,1.10578499129042,0.00368595,0.003334,0.003708,300,1,1,1,300,27608,0.002958,0.010209,27840,27678,0.003708
"Profiler.CollectLegacyStats",0.003417,0.002875,0.019083,27768,27717,27858,2,2,1.11195999663323,0.003706533,0.00325,0.003667,300,1,1,1,300,27608,0.002875,0.019083,27717,27858,0.003375
"UnityEngine.InputLegacyModule.dll!UnityEngine::SendMouseEvents.DoSendMouseEvents() [Invoke]",0.003291,0.002833,0.009667,27896,27632,27678,4,4,1.0409609945491,0.00346987,0.003166,0.003459,300,1,1,1,300,27608,0.002833,0.009667,27632,27678,0.003417
"Serialization.Bytes.MessagePack",0.00275,0.002458,0.013916,27642,27840,27672,5,5,0.866362993372604,0.002887877,0.002625,0.002875,300,1,1,1,300,27608,0.002458,0.013916,27840,27672,0.002625
"Profiler.CollectPhysicsStats",0.00275,0.002583,0.00325,27747,27730,27636,3,3,0.0529169994406402,0.002785105,0.002625,0.002834,19,1,1,1,19,27619,0.002583,0.00325,27730,27636,0
"Camera.ImageEffects",0.002667,0.002249,0.008332999,27755,27726,27705,3,4,0.828525994715164,0.002761753,0.002542,0.002832,600,2,2,2,300,27608,0,0.008292,27720,27705,0.002875
"UGUI.Rendering.EmitWorldScreenspaceCameraGeometry",0.002666,0.001916,0.008333,27882,27844,27798,2,3,0.851869997852191,0.002839567,0.002458,0.002917,600,2,2,2,300,27608,4.1E-05,0.008208,27642,27798,0.006334
"CullAllVisibleLights",0.002542,0.001625,0.007459,27757,27651,27666,5,5,0.875835995306261,0.002919453,0.002209,0.003125,300,1,1,1,300,27608,0.001625,0.007459,27651,27666,0.004833
"UIEvents.UIElementsRegisterRenderers",0.002458,0.001792,0.008125,27623,27844,27798,3,4,0.782835995792993,0.002609453,0.00225,0.002708,600,2,2,2,300,27608,0,0.008125,27608,27798,0.006125
"Graphics.Blit",0.00225,0.001958,0.007916,27868,27676,27705,4,4,0.703200995922089,0.002344003,0.002166,0.002375,300,1,1,1,300,27608,0.001958,0.007916,27676,27705,0.002459
"UpdateScreenManagerAndInput",0.002167,0.001542,0.009667,27753,27632,27849,2,2,0.693738996051252,0.002312463,0.002,0.002416,300,1,1,1,300,27608,0.001542,0.009667,27632,27849,0.002625
"Camera.RenderSkybox",0.002125,0.001666,0.006417,27779,27892,27688,4,4,0.682510996004567,0.002275037,0.002,0.00225,300,1,1,1,300,27608,0.001666,0.006417,27892,27688,0.00225
"Render.OpaqueGeometry",0.002125,0.001708,0.008709,27808,27709,27683,4,4,0.666548996348865,0.00222183,0.002,0.00225,300,1,1,1,300,27608,0.001708,0.008709,27709,27683,0.002125
"UnityEngine.UIElementsNativeModule.dll!UnityEngine.UIElements.UIR::Utility.RaiseRegisterIntermediateRenderers() [Invoke]",0.002084,0.0015,0.007833,27722,27632,27798,4,4,0.675994998775423,0.002253317,0.001917,0.002292,300,1,1,1,300,27608,0.0015,0.007833,27632,27798,0.00575
"Profiler.FlushCountersWithFlushOnEndOfFrame",0.002042,0.001708,0.006542,27661,27699,27629,2,2,0.6234210007824,0.00207807,0.001958,0.002125,300,1,1,1,300,27608,0.001708,0.006542,27699,27629,0.001875
"CullResults.CreateSharedRendererScene",0.002042,0.001625,0.008667,27690,27709,27804,3,3,0.662294999347068,0.00220765,0.001917,0.00225,300,1,1,1,300,27608,0.001625,0.008667,27709,27804,0.002
"FixedUpdate.PhysicsFixedUpdate",0.001916,0.001708,0.002459,27698,27819,27835,2,2,0.037459000130184,0.001971526,0.001833,0.002,19,1,1,1,19,27619,0.001708,0.002459,27819,27835,0
"WaitForJobGroupID",0.001833,0.000125,0.01425,27887,27630,27726,4,6,0.362959999532904,0.00290368,0.001416,0.004,141,1,1,2,125,27612,0.000125,0.01425,27630,27726,0
"Gfx.EndAsyncJobFrame",0.001668,0.001207,0.008209,27689,27646,27613,2,4,0.607865999576461,0.00202622,0.0015,0.002208,900,3,3,3,300,27608,4.2E-05,0.007959,27697,27613,0.001418
"PreLateUpdate.EndGraphicsJobsAfterScriptUpdate",0.001584,0.001083,0.008125,27797,27686,27613,2,2,0.582700998289511,0.001942337,0.001375,0.002166,300,1,1,1,300,27608,0.001083,0.008125,27686,27613,0.001333
"WaitForRenderJobs",0.001583,0.0009999999,0.006876,27858,27873,27784,3,5,0.56828999890422,0.0018943,0.001376,0.002082,900,3,3,3,300,27608,0,0.004916,27748,27683,0.001334
"EndGraphicsJobs",0.001542,0.000958,0.008125,27793,27686,27613,2,3,0.561045996953908,0.001870153,0.001375,0.002042,900,3,3,3,300,27608,0,0.008125,27608,27613,0.00125
"Profiler.CollectAudioStats",0.001501,0.001208,0.009292,27825,27631,27907,3,3,0.49288599936699,0.001642953,0.001417,0.001667,600,2,2,2,300,27608,0.000125,0.005,27707,27907,0.001542
"RenderForwardOpaque.Render",0.001417,0.001084,0.007958,27724,27895,27683,5,5,0.452542997547425,0.001508477,0.001333,0.001542,300,1,1,1,300,27608,0.001084,0.007958,27895,27683,0.001417
"TimeUpdate.WaitForLastPresentationAndUpdateTime",0.001334,0.000958,2.22225,27837,27836,27906,2,2,6.66634386644,0.02222115,0.00125,0.0015,300,1,1,1,300,27608,0.000958,2.22225,27836,27906,0.001459
"PrepareUpdateRendererBoundingVolumes",0.001333,0.001126,0.008499,27774,27844,27641,3,6,0.42610000618879,0.001420333,0.001251,0.001417,1500,5,5,5,300,27608,0,0.007333,27827,27641,0.001292
"PostLateUpdate.MemoryFrameMaintenance",0.001292,0.000917,0.029791,27681,27621,27811,2,2,0.507252999232151,0.001690843,0.001166,0.001459,300,1,1,1,300,27608,0.000917,0.029791,27621,27811,0.001458
"PreLateUpdate.ParticleSystemBeginUpdateAll",0.00125,0.000916,0.005667,27795,27784,27759,2,2,0.39611799782142,0.001320393,0.001166,0.001375,300,1,1,1,300,27608,0.000916,0.005667,27784,27759,0.001417
"ParticleSystem.Update",0.001208,0.000833,0.005584,27622,27854,27759,3,3,0.373577999183908,0.00124526,0.001084,0.001291,300,1,1,1,300,27608,0.000833,0.005584,27854,27759,0.001375
"EditorConnection.CheckForIncomingConnections",0.001208,0.000625,0.005041,27632,27613,27783,3,3,0.379329999093898,0.001264433,0.001084,0.001333,300,1,1,1,300,27608,0.000625,0.005041,27613,27783,0.00125
"Material.SetPassFast",0.001125,0.000833,0.005334,27681,27844,27688,5,5,0.361131999990903,0.001203773,0.001041,0.001209,300,1,1,1,300,27608,0.000833,0.005334,27844,27688,0.001083
"Update.ScriptRunDelayedTasks",0.001083,0.00075,0.012166,27883,27632,27738,2,2,0.372991000360344,0.001243303,0.001,0.001209,300,1,1,1,300,27608,0.00075,0.012166,27632,27738,0.001083
"CullSendEvents",0.001042,0.00075,0.016542,27758,27676,27726,5,5,0.648213997134008,0.002160713,0.000917,0.002458,300,1,1,1,300,27608,0.00075,0.016542,27676,27726,0.001
"PostLateUpdate.PlayerUpdateCanvases",0.001041,0.000792,0.013417,27702,27681,27846,2,2,0.345375001314096,0.00115125,0.000958,0.001125,300,1,1,1,300,27608,0.000792,0.013417,27681,27846,0.001208
"PostLateUpdate.UpdateAllRenderers",0.001041,0.00075,0.012667,27744,27681,27731,2,2,0.350841002247762,0.00116947,0.000958,0.001125,300,1,1,1,300,27608,0.00075,0.012667,27681,27731,0.012667
"UnityEngine.CoreModule.dll!UnityEngine.Experimental.Rendering::ScriptableRuntimeReflectionSystemWrapper.Internal_ScriptableRuntimeReflectionSystemWrapper_TickRealtimeProbes() [Invoke]",0.001,0.000708,0.003167,27878,27892,27856,2,2,0.319173000985757,0.00106391,0.000917,0.001125,300,1,1,1,300,27608,0.000708,0.003167,27892,27856,0.003125
"PrepareSceneCullingParameters",0.000959,0.000708,0.005375,27719,27701,27852,4,4,0.313879001070745,0.001046263,0.000875,0.001042,300,1,1,1,300,27608,0.000708,0.005375,27701,27852,0.000958
"ProcessRemoteInput",0.000958,0.000625,0.004708,27646,27892,27753,3,3,0.291912000393495,0.00097304,0.000875,0.001041,300,1,1,1,300,27608,0.000625,0.004708,27892,27753,0.000917
"FrameEvents.NewInputBeforeRenderUpdate",0.000958,0.00075,0.004958,27672,27648,27619,2,2,0.297618001059163,0.0009920601,0.000875,0.001,300,1,1,1,300,27608,0.00075,0.004958,27648,27619,0.001
"EarlyUpdate.ProcessRemoteInput",0.000958,0.000666,0.004708,27882,27824,27753,2,2,0.299505000701174,0.00099835,0.000875,0.001042,300,1,1,1,300,27608,0.000666,0.004708,27824,27753,0.000917
"UnityEngine.IMGUIModule.dll!UnityEngine::GUIUtility.SetSkin() [Invoke]",0.000958,0.00075,0.003875,27900,27616,27775,2,2,0.303445002704393,0.001011483,0.000917,0.001,300,1,1,1,300,27608,0.00075,0.003875,27616,27775,0.001125
"beforeCameraRender.Invoke",0.000875,0.000542,0.003958,27864,27709,27791,3,3,0.27579399937531,0.0009193133,0.000792,0.000959,300,1,1,1,300,27608,0.000542,0.003958,27709,27791,0.000833
"UIEvents.WillRenderCanvases",0.000875,0.000667,0.013292,27898,27681,27846,3,3,0.305844998394605,0.001019483,0.000833,0.000959,300,1,1,1,300,27608,0.000667,0.013292,27681,27846,0.001125
"FixedUpdate.NewInputFixedUpdate",0.000834,0.000791,0.001708,27764,27852,27792,2,2,0.016957999789156,0.0008925263,0.000833,0.000875,19,1,1,1,19,27619,0.000791,0.001708,27852,27792,0
"UGUI.Rendering.UpdateBatches",0.000834,0.000666,0.01325,27766,27780,27846,4,4,0.28142199839931,0.0009380733,0.000791,0.000917,300,1,1,1,300,27608,0.000666,0.01325,27780,27846,0.001084
"PreUpdate.NewInputUpdate",0.000833,0.000458,0.002834,27676,27792,27678,2,2,0.244826997164637,0.00081609,0.000791,0.000834,300,1,1,1,300,27608,0.000458,0.002834,27792,27678,0.00075
"FinalizeUpdateRendererBoundingVolumes",0.000832,0.000624,0.012334,27870,27766,27731,3,6,0.266991005271848,0.00088997,0.00079,0.000876,1500,5,5,5,300,27608,0,0.011792,27637,27731,0.012334
"UnityEngine.CoreModule.dll!UnityEngine::UnitySynchronizationContext.ExecuteTasks() [Invoke]",0.000792,0.000458,0.011875,27679,27650,27738,3,3,0.270076998393051,0.0009002567,0.000708,0.000916,300,1,1,1,300,27608,0.000458,0.011875,27650,27738,0.00075
"EarlyUpdate.UpdateInputManager",0.000792,0.000625,0.0015,27681,27754,27678,2,2,0.245326998003293,0.0008177566,0.00075,0.000834,300,1,1,1,300,27608,0.000625,0.0015,27754,27678,0.000792
"DestroyCullResults",0.00075,0.000541,0.004708,27707,27632,27874,3,3,0.236586998798884,0.0007886234,0.000708,0.000792,300,1,1,1,300,27608,0.000541,0.004708,27632,27874,0.000708
"PostLateUpdate.UpdateCustomRenderTextures",0.000708,0.0005,0.003959,27655,27663,27870,2,2,0.229626999353059,0.0007654233,0.000625,0.000791,300,1,1,1,300,27608,0.0005,0.003959,27663,27870,0.000791
"GarbageCollector.CollectIncremental",0.000708,0.000417,2.219,27757,27723,27906,3,3,6.44787709190859,0.02149292,0.000625,0.00075,300,1,1,1,300,27608,0.000417,2.219,27723,27906,0.00075
"AudioProfiler.CaptureFrame",0.000708,0.0005,0.0035,27889,27789,27858,4,4,0.233836998580955,0.0007794566,0.000666,0.000792,300,1,1,1,300,27608,0.0005,0.0035,27789,27858,0.000666
"FixedUpdate.Physics2DFixedUpdate",0.000708,0.000583,0.001292,27901,27681,27792,2,2,0.0143349998979829,0.0007544737,0.000667,0.00075,19,1,1,1,19,27619,0.000583,0.001292,27681,27792,0
"GUI.Repaint",0.000667,0.000583,0.002916,27705,27610,27875,2,2,0.211378998472355,0.0007045966,0.000625,0.000709,300,1,1,1,300,27608,0.000583,0.002916,27610,27875,0.000834
"Camera.FindStacks",0.000667,0.000417,0.026834,27730,27702,27856,2,2,0.389410999472602,0.001298037,0.000584,0.000959,600,2,2,2,300,27608,0,0.023292,27609,27856,0.000917
"Profiler.CollectEditorStats",0.000666,0.000541,0.002083,27800,27649,27786,1,1,0.205460999510251,0.00068487,0.000625,0.000708,300,1,1,1,300,27608,0.000541,0.002083,27649,27786,0.000625
"Render.TransparentGeometry",0.000584,0.000541,0.000917,27692,27632,27850,4,4,0.183172001270577,0.0006105733,0.000583,0.000625,300,1,1,1,300,27608,0.000541,0.000917,27632,27850,0.000625
"FrameEvents.OnBeforeRenderCallback",0.000584,0.0005,0.005041,27799,27667,27819,2,2,0.194950000848621,0.0006498334,0.000542,0.000625,300,1,1,1,300,27608,0.0005,0.005041,27667,27819,0.000584
"CustomRenderTextures.Update",0.000583,0.00025,0.003834,27699,27904,27870,3,3,0.189115001499886,0.0006303833,0.0005,0.000666,300,1,1,1,300,27608,0.00025,0.003834,27904,27870,0.000584
"Profiler.SerializeStats",0.000583,0.000416,0.013417,27736,27649,27858,3,3,0.197823000955395,0.00065941,0.000541,0.000625,300,1,1,1,300,27608,0.000416,0.013417,27649,27858,0.000541
"Loading.ReadObject",0.000542,0.00025,0.003208,27640,27709,27791,4,4,0.164217000972712,0.00054739,0.000459,0.000584,300,1,1,1,300,27608,0.00025,0.003208,27709,27791,0.000542
"PreUpdate.AIUpdate",0.000542,0.000375,0.0015,27903,27693,27733,2,2,0.174711001425749,0.00058237,0.0005,0.000625,300,1,1,1,300,27608,0.000375,0.0015,27693,27733,0.000708
"ReflectionProbes.Update",0.0005,0.00025,0.002667,27658,27683,27856,3,3,0.15770800167229,0.0005256934,0.000458,0.000542,300,1,1,1,300,27608,0.00025,0.002667,27683,27856,0.002542
"Cleanup Unused Cached Data",0.0005,0.000333,0.001708,27746,27786,27775,3,3,0.15979300084291,0.0005326433,0.000417,0.000583,300,1,1,1,300,27608,0.000333,0.001708,27786,27775,0.000583
"UnityEngine.InputModule.dll!UnityEngineInternal.Input::NativeInputSystem.ShouldRunUpdate() [Invoke]",0.0005,0.000333,0.001334,27817,27797,27678,3,3,0.15380400315189,0.00051268,0.000458,0.000542,619,2,2,3,300,27608,8.3E-05,0.001,27619,27678,0.000458
"EarlyUpdate.PlayerCleanupCachedData",0.0005,0.000333,0.00175,27904,27786,27775,2,2,0.167287001095247,0.0005576233,0.000459,0.000584,300,1,1,1,300,27608,0.000333,0.00175,27786,27775,0.000583
"Initialization.DirectorSampleTime",0.000459,0.000291,0.001209,27718,27633,27792,2,2,0.144593001401518,0.0004819767,0.000416,0.000541,300,1,1,1,300,27608,0.000291,0.001209,27633,27792,0.000542
"PlayerEndOfFrame",0.000458,0.000292,0.003333,27717,27797,27862,2,2,0.143876001471654,0.0004795867,0.000375,0.0005,300,1,1,1,300,27608,0.000292,0.003333,27797,27862,0.000458
"PlayerCleanupCachedData",0.000458,0.000291,0.001583,27889,27786,27775,4,4,0.148931000730954,0.0004964367,0.000417,0.000542,300,1,1,1,300,27608,0.000291,0.001583,27786,27775,0.000583
"CoroutinesDelayedCalls",0.000457,0.000291,0.011792,27824,27747,27878,3,3,0.169096003402956,0.0005636534,0.000416,0.00054,1219,4,4,5,300,27608,0,0.0115,27612,27878,0.000458
"RenderLoop.CleanupNodeQueue",0.000457,0.000331,0.000709,27865,27644,27849,3,4,0.136185999654117,0.0004539533,0.000416,0.000499,2400,8,8,8,300,27608,0,0.000292,27609,27685,0.000542
"Director.SampleTime",0.000417,0.000208,0.001167,27641,27744,27792,3,3,0.129373001473141,0.0004312433,0.000375,0.000459,300,1,1,1,300,27608,0.000208,0.001167,27744,27792,0.000375
"FixedUpdate.ScriptRunBehaviourFixedUpdate",0.000417,0.00025,0.000542,27747,27681,27792,2,2,0.00775300007080659,0.0004080526,0.000375,0.000417,19,1,1,1,19,27619,0.00025,0.000542,27681,27792,0
"UnityEngine.CoreModule.dll!UnityEngine::Application.InvokeOnBeforeRender() [Invoke]",0.000417,0.000333,0.004875,27808,27610,27819,3,3,0.14332200109493,0.00047774,0.000375,0.000459,300,1,1,1,300,27608,0.000333,0.004875,27610,27819,0.000417
"Physics2D.Simulate",0.000416,0.000292,0.000583,27698,27681,27792,3,3,0.00791500008199364,0.000416579,0.000375,0.000458,19,1,1,1,19,27619,0.000292,0.000583,27681,27792,0
"UnityEngine.IMGUIModule.dll!UnityEngine::Event.Internal_MakeMasterEventCurrent() [Invoke]",0.000375,0.000291,0.000791,27772,27640,27775,3,3,0.115964001306565,0.0003865467,0.000334,0.000416,300,1,1,1,300,27608,0.000291,0.000791,27640,27775,0.000416
"EarlyUpdate.UpdatePreloading",0.000375,0.00025,0.003125,27778,27903,27882,2,2,0.128952001250582,0.00042984,0.000333,0.000458,300,1,1,1,300,27608,0.00025,0.003125,27903,27882,0.000542
"AddLocalLights",0.000375,0.000291,0.0005,27800,27857,27734,5,5,0.00637300009839237,0.0003748824,0.000333,0.000417,17,1,1,1,17,27646,0.000291,0.0005,27857,27734,0
"Profiler.CollectUIStats",0.000375,0.00025,0.001792,27803,27797,27786,2,2,0.120421001134673,0.0004014033,0.000334,0.000417,300,1,1,1,300,27608,0.00025,0.001792,27797,27786,0.000417
"PreUpdate.PhysicsUpdate",0.000375,8.4E-05,0.000792,27846,27652,27775,2,2,0.116404000786133,0.0003880133,0.000333,0.000417,300,1,1,1,300,27608,8.4E-05,0.000792,27652,27775,0.000417
"Physics.SyncRigidbodyTransform",0.000375,0.000125,0.0005,27852,27698,27636,3,3,0.00704200015752576,0.0003706316,0.000292,0.000417,19,1,1,1,19,27619,0.000125,0.0005,27698,27636,0
"UnityEngine.CoreModule.dll!UnityEngine.Rendering::RenderPipelineManager.HandleRenderPipelineChange() [Invoke]",0.000374,0.000208,0.007542,27863,27900,27811,2,2,0.117256002995418,0.0003908534,0.000333,0.000416,600,2,2,2,300,27608,8.3E-05,0.007208,27638,27811,0.000375
"Loading.UpdatePreloading",0.000334,0.00025,0.003125,27782,27621,27882,3,3,0.120364001573762,0.0004012133,0.000333,0.000417,300,1,1,1,300,27608,0.00025,0.003125,27621,27882,0.0005
"EarlyUpdate.ExecuteMainThreadJobs",0.000333,0.000166,0.003833,27682,27865,27822,2,2,0.111579001895734,0.00037193,0.00025,0.000417,300,1,1,1,300,27608,0.000166,0.003833,27865,27822,0.000208
"RenderForwardAlpha.Render",0.000333,0.00025,0.000542,27854,27745,27676,5,5,0.102575001888908,0.0003419167,0.000333,0.000334,300,1,1,1,300,27608,0.00025,0.000542,27745,27676,0.000333
"Physics.Interpolation",0.000292,8.3E-05,0.000584,27643,27779,27792,3,3,0.0896150019034394,0.0002987167,0.00025,0.000333,319,1,1,2,300,27608,4.1E-05,0.000542,27809,27849,0.000334
"PrepareSceneNodesCombineJob",0.000292,0.000209,0.000458,27661,27884,27742,7,7,0.0223770006705308,0.0002944342,0.00025,0.000292,76,1,1,1,76,27620,0.000209,0.000458,27884,27742,0
"RenderTexture.GarbageCollectTemporary",0.000292,0.000208,0.000833,27770,27659,27775,2,5,0.0937790021271212,0.0003125967,0.00025,0.000333,600,2,2,2,300,27608,4.1E-05,0.000708,27844,27775,0.000292
"Profiler.CollectPhysics2DStats",0.000292,0.000166,0.001583,27797,27698,27830,3,3,0.0977910019428236,0.00032597,0.00025,0.000375,300,1,1,1,300,27608,0.000166,0.001583,27698,27830,0.000333
"FindActiveLights",0.000292,8.3E-05,0.00325,27827,27800,27865,6,6,0.097186002174567,0.0003239533,0.00025,0.000334,300,1,1,1,300,27608,8.3E-05,0.00325,27800,27865,0.000291
"FixedBehaviourUpdate",0.000291,0.000166,0.000375,27669,27792,27619,3,3,0.00508300015644636,0.0002675263,0.00025,0.000292,19,1,1,1,19,27619,0.000166,0.000375,27792,27619,0
"PreLateUpdate.ConstraintManagerUpdate",0.000291,8.3E-05,0.003125,27731,27873,27733,2,2,0.0874720022329711,0.0002915733,0.00025,0.000333,300,1,1,1,300,27608,8.3E-05,0.003125,27873,27733,0.000291
"UpdatePreloading",0.000291,0.000166,0.0015,27741,27851,27822,4,4,0.0942930021556094,0.00031431,0.00025,0.000333,300,1,1,1,300,27608,0.000166,0.0015,27851,27822,0.000459
"AddDirectionalLights",0.000291,8.3E-05,0.002875,27856,27621,27731,6,6,0.0961200017409283,0.0003204,0.00025,0.000334,300,1,1,1,300,27608,8.3E-05,0.002875,27621,27731,0.002875
"UnityEngine.CoreModule.dll!UnityEngine.Rendering::OnDemandRendering.GetRenderFrameInterval() [Invoke]",0.00025,0.000125,0.000458,27637,27613,27839,2,2,0.0721240016864613,0.0002404133,0.000208,0.000291,300,1,1,1,300,27608,0.000125,0.000458,27613,27839,0.000208
"JobAlloc.Grow",0.00025,8.4E-05,0.000333,27641,27875,27810,4,4,0.00533300013921689,0.0002318696,0.000208,0.00025,23,1,1,1,23,27615,8.4E-05,0.000333,27875,27810,0
"afterCullingOutputReady.Invoke",0.00025,8.3E-05,0.003,27697,27671,27867,6,6,0.0785110018769046,0.0002617033,0.000208,0.000292,300,1,1,1,300,27608,8.3E-05,0.003,27671,27867,0.00025
"FixedUpdate.AudioFixedUpdate",0.00025,0.000125,0.000667,27809,27619,27792,2,2,0.00516600014816504,0.0002718947,0.000209,0.00025,19,1,1,1,19,27619,0.000125,0.000667,27619,27792,0
"UnityEngine.InputModule.dll!UnityEngineInternal.Input::NativeInputSystem.NotifyUpdate() [Invoke]",0.00025,0.000166,0.00325,27873,27751,27734,3,3,0.086001002593548,0.00028667,0.00025,0.000292,619,2,2,3,300,27608,4.1E-05,0.003125,27751,27734,0.000333
"SkinnedMeshPrepareDispatchUpdate",0.000249,0.000125,0.001708,27848,27772,27638,4,7,0.0734369999554474,0.00024479,0.000208,0.000251,1200,4,4,4,300,27608,0,0.001583,27608,27638,0.000209
"MeshRendererPrepareDispatchUpdate",0.00021,8.3E-05,0.001708,27887,27821,27674,4,7,0.0744720000002417,0.00024824,0.000207,0.00029,1200,4,4,4,300,27608,0,0.0015,27608,27674,0.000125
"LOD.ComputeLOD",0.000209,4.1E-05,0.000418,27632,27838,27774,5,6,0.0642500009344076,0.0002141667,0.000167,0.00025,600,2,2,2,300,27608,0,0.000375,27628,27907,0.000251
"Update.DirectorUpdate",0.000209,8.3E-05,0.016959,27792,27686,27808,2,2,0.0891150018505869,0.00029705,0.000167,0.000291,300,1,1,1,300,27608,8.3E-05,0.016959,27686,27808,0.000292
"UnityEngine.CoreModule.dll!UnityEngine.Rendering::SupportedRenderingFeatures.IsLightmapBakeTypeSupportedByRef() [Invoke]",0.000209,0.000125,0.000709,27819,27640,27678,4,4,0.0735000014683465,0.000245,0.000208,0.00025,300,1,1,1,300,27608,0.000125,0.000709,27640,27678,0.000209
"UnityEngine.InputModule.dll!UnityEngineInternal.Input::NativeInputSystem.NotifyBeforeUpdate() [Invoke]",0.000209,0.000166,0.000541,27834,27610,27907,3,3,0.0693640019308077,0.0002312133,0.000208,0.00025,619,2,2,3,300,27608,4.1E-05,0.000416,27619,27907,0.000208
"EarlyUpdate.ClearLines",0.000209,8.3E-05,0.000541,27879,27823,27792,2,2,0.0694150016861386,0.0002313833,0.000208,0.00025,300,1,1,1,300,27608,8.3E-05,0.000541,27823,27792,0.00025
"UnityEngine.UIElementsNativeModule.dll!UnityEngine.UIElements::UIElementsRuntimeUtilityNative.RepaintOverlayPanels() [Invoke]",0.000208,8.3E-05,0.003833,27656,27666,27734,2,2,0.0612820013338933,0.0002042733,0.000125,0.00025,300,1,1,1,300,27608,8.3E-05,0.003833,27666,27734,0.000208
"UnityEngine.UIModule.dll!UnityEngine::Canvas.SendPreWillRenderCanvases() [Invoke]",0.000208,4.2E-05,0.000458,27714,27846,27858,5,5,0.0617020013232832,0.0002056733,0.000167,0.00025,300,1,1,1,300,27608,4.2E-05,0.000458,27846,27858,0.000208
"CleanUp.TextRenderingGarbageCollect",0.000208,4.1E-05,0.000541,27721,27768,27678,5,5,0.0642550014817971,0.0002141833,0.000166,0.00025,300,1,1,1,300,27608,4.1E-05,0.000541,27768,27678,0.00025
"PostLateUpdate.UpdateLightProbeProxyVolumes",0.000208,0.000125,0.008792,27724,27618,27831,2,2,0.0724510010040831,0.0002415033,0.000167,0.00025,300,1,1,1,300,27608,0.000125,0.008792,27618,27831,0.000208
"FixedUpdate.DirectorFixedUpdate",0.000208,0.000125,0.000542,27730,27714,27792,2,2,0.00425200005702209,0.0002237895,0.000167,0.000209,19,1,1,1,19,27619,0.000125,0.000542,27714,27792,0
"UnityEngine.CoreModule.dll!UnityEngine::Camera.FireOnPreRender() [Invoke]",0.000208,8.3E-05,0.001334,27737,27667,27775,3,3,0.0695740012160968,0.0002319133,0.000167,0.00025,300,1,1,1,300,27608,8.3E-05,0.001334,27667,27775,0.000166
"Update.ScriptRunDelayedDynamicFrameRate",0.000208,8.3E-05,0.0115,27739,27610,27878,2,2,0.0930840012661065,0.00031028,0.000166,0.00025,300,1,1,1,300,27608,8.3E-05,0.0115,27610,27878,0.000208
"UnityEngine.CoreModule.dll!UnityEngine::Camera.FireOnPostRender() [Invoke]",0.000208,4.1E-05,0.000333,27778,27774,27786,4,4,0.0608260012450046,0.0002027533,0.000167,0.00025,300,1,1,1,300,27608,4.1E-05,0.000333,27774,27786,0.000209
"Physics.SyncColliderTransform",0.000208,8.3E-05,0.000292,27819,27764,27619,3,3,0.00379500009148614,0.0001997369,0.000167,0.000209,19,1,1,1,19,27619,8.3E-05,0.000292,27764,27619,0
"Physics2D.SyncTransformChanges",0.000208,0.000125,0.000334,27819,27636,27852,4,4,0.00420700009271968,0.0002214211,0.000167,0.00025,19,1,1,1,19,27619,0.000125,0.000334,27636,27852,0
"Assembly-CSharp.dll!::Save..ctor() [Invoke]",0.000208,4.1E-05,0.000459,27821,27896,27678,6,6,0.062534001081076,0.0002084467,0.000167,0.00025,300,1,1,1,300,27608,4.1E-05,0.000459,27896,27678,0.000208
"ConstraintManager::Update",0.000208,4.2E-05,0.000459,27831,27854,27792,3,3,0.0625480013695778,0.0002084933,0.000167,0.00025,300,1,1,1,300,27608,4.2E-05,0.000459,27854,27792,0.000291
"PreUpdate.IMGUISendQueuedEvents",0.000208,8.3E-05,0.000625,27838,27750,27775,2,2,0.0660410010241321,0.0002201367,0.000167,0.00025,300,1,1,1,300,27608,8.3E-05,0.000625,27750,27775,0.000167
"UnityEngine.CoreModule.dll!UnityEngine.Rendering::RenderPipelineManager.GetCurrentPipelineAssetType() [Invoke]",0.000208,4.2E-05,0.000459,27841,27772,27907,2,2,0.0647090015045251,0.0002156967,0.000167,0.00025,300,1,1,1,300,27608,4.2E-05,0.000459,27772,27907,0.00025
"EarlyUpdate.ScriptRunDelayedStartupFrame",0.000208,0.000125,0.003417,27876,27761,27871,2,2,0.081069000705611,0.00027023,0.000208,0.00025,300,1,1,1,300,27608,0.000125,0.003417,27761,27871,0.000166
"UnityEngine.CoreModule.dll!UnityEngine.Rendering::SupportedRenderingFeatures.IsUIOverlayRenderedBySRP() [Invoke]",0.000208,8.3E-05,0.002958,27879,27668,27715,2,2,0.0677110014948994,0.0002257033,0.000167,0.00025,300,1,1,1,300,27608,8.3E-05,0.002958,27668,27715,0.00025
"AudioManager.FixedUpdate",0.000208,0.000125,0.0005,27901,27619,27792,3,3,0.00425100010761525,0.0002237368,0.000167,0.00025,19,1,1,1,19,27619,0.000125,0.0005,27619,27792,0
"Initialization.AsyncUploadTimeSlicedUpdate",0.000167,0,0.002041,27622,27847,27678,2,2,0.0589910011258326,0.0001966367,0.000125,0.000208,300,1,1,1,300,27608,0,0.002041,27847,27678,0.000166
"Initialization.XREarlyUpdate",0.000167,4.1E-05,0.000459,27697,27823,27775,2,2,0.0522180009720614,0.00017406,0.000166,0.000208,300,1,1,1,300,27608,4.1E-05,0.000459,27823,27775,0.000208
"UnityEngine.UIModule.dll!UnityEngine::Canvas.SendWillRenderCanvases() [Invoke]",0.000167,4.1E-05,0.012583,27709,27610,27846,5,5,0.0643380008332315,0.00021446,0.000125,0.000208,300,1,1,1,300,27608,4.1E-05,0.012583,27610,27846,0.000334
"Application.Integrate Assets in Background",0.000167,0.000125,0.001416,27719,27618,27822,5,5,0.0623320012091426,0.0002077733,0.000166,0.000209,300,1,1,1,300,27608,0.000125,0.001416,27618,27822,0.000292
"updateScene.Invoke",0.000167,8.3E-05,0.029375,27735,27673,27670,2,2,0.0829610012224293,0.0002765367,0.000125,0.000209,300,1,1,1,300,27608,8.3E-05,0.029375,27673,27670,0.00025
"Clear",0.000167,4.1E-05,0.000417,27807,27811,27706,6,6,0.0575370008664322,0.00019179,0.000166,0.000208,300,1,1,1,300,27608,4.1E-05,0.000417,27811,27706,0.000166
"PostLateUpdate.TriggerEndOfFrameCallbacks",0.000167,0,0.000459,27831,27622,27906,2,2,0.057377001074201,0.0001912567,0.000167,0.000208,300,1,1,1,300,27608,0,0.000459,27622,27906,0.000167
"UnityEngine.AIModule.dll!UnityEngine.AI::NavMesh.Internal_CallOnNavMeshPreUpdate() [Invoke]",0.000167,4.1E-05,0.000458,27870,27829,27850,3,3,0.0567190013462096,0.0001890633,0.000125,0.000209,300,1,1,1,300,27608,4.1E-05,0.000458,27829,27850,0.000167
"UIEvents.CanvasManagerEmitOffScreenGeometry",0.000166,8.3E-05,0.000584,27845,27633,27906,2,2,0.050371001183521,0.0001679033,0.000125,0.000167,300,1,1,1,300,27608,8.3E-05,0.000584,27633,27906,0.000125
"PostLateUpdate.PhysicsSkinnedClothBeginUpdate",0.000166,4.1E-05,0.006458,27879,27846,27693,2,2,0.0557450009582681,0.0001858167,0.000125,0.000208,300,1,1,1,300,27608,4.1E-05,0.006458,27846,27693,0.000167
"UnityEngine.CoreModule.dll!UnityEngine::Camera.FireOnPreCull() [Invoke]",0.000166,4.1E-05,0.00375,27900,27784,27905,4,4,0.0526620009113685,0.00017554,0.000125,0.000208,300,1,1,1,300,27608,4.1E-05,0.00375,27784,27905,0.000125
"Renderers.OncePerFrameUpdate",0.000126,8.2E-05,0.00425,27836,27680,27729,3,3,0.0556200003265985,0.0001854,0.000124,0.000167,600,2,2,2,300,27608,0,0.00425,27673,27729,0.000126
"GlobalEventQueue",0.000125,0,0.000334,27629,27774,27775,3,3,0.0317940007225843,0.00010598,8.3E-05,0.000125,300,1,1,1,300,27608,0,0.000334,27774,27775,0.000125
"PostLateUpdate.ShaderHandleErrors",0.000125,4.1E-05,0.003958,27634,27632,27872,2,2,0.0406680005326052,0.00013556,8.3E-05,0.000125,300,1,1,1,300,27608,4.1E-05,0.003958,27632,27872,0.000125
"GeneralConnection.Poll",0.000125,8.3E-05,0.004333,27642,27609,27713,3,3,0.0401230008428684,0.0001337433,8.3E-05,0.000125,300,1,1,1,300,27608,8.3E-05,0.004333,27609,27713,8.3E-05
"PostLateUpdate.UpdateAllSkinnedMeshes",0.000125,0,0.000459,27659,27734,27906,2,2,0.0354650008812314,0.0001182167,8.3E-05,0.000125,300,1,1,1,300,27608,0,0.000459,27734,27906,0.000125
"PreLateUpdate.AIUpdatePostScript",0.000125,0,0.000292,27687,27633,27726,2,2,0.0363020007571322,0.0001210067,8.3E-05,0.000167,300,1,1,1,300,27608,0,0.000292,27633,27726,0.000167
"FixedUpdate.XRFixedUpdate",0.000125,0,0.000208,27698,27819,27884,2,2,0.0021670000787708,0.0001140526,0.000125,0.000125,19,1,1,1,19,27619,0,0.000208,27819,27884,0
"SceneNodesInitJob",0.000125,0,0.000333,27700,27901,27907,7,7,0.00966300023719668,0.0001192963,8.3E-05,0.000125,81,1,1,1,81,27620,0,0.000333,27901,27907,0
"Gfx.WaitForPresentOnGfxThread",0.000125,4.1E-05,0.002083,27713,27622,27869,2,2,0.0416210006806068,0.0001387367,8.3E-05,0.000167,300,1,1,1,300,27608,4.1E-05,0.002083,27622,27869,8.3E-05
"SoundManager.Update",0.000125,0,0.000209,27731,27650,27906,3,3,0.0358770009261207,0.00011959,8.4E-05,0.000125,300,1,1,1,300,27608,0,0.000209,27650,27906,0.000125
"AddCustomActiveLocalLights",0.000125,4.1E-05,0.000292,27761,27819,27775,6,6,0.0378610008920077,0.0001262033,8.4E-05,0.000166,300,1,1,1,300,27608,4.1E-05,0.000292,27819,27775,8.3E-05
"PreLateUpdate.ScriptRunBehaviourLateUpdate",0.000125,4.2E-05,0.004125,27763,27646,27740,2,2,0.0433750008960487,0.0001445833,8.4E-05,0.000166,300,1,1,1,300,27608,4.2E-05,0.004125,27646,27740,0.000125
"EarlyUpdate.UpdateTextureStreamingManager",0.000125,4.1E-05,0.000292,27794,27641,27678,2,2,0.0384230008276063,0.0001280767,8.4E-05,0.000167,300,1,1,1,300,27608,4.1E-05,0.000292,27641,27678,0.000167
"EarlyUpdate.DispatchEventQueueEvents",0.000125,4.1E-05,0.000375,27797,27696,27775,2,2,0.040921001091192,0.0001364033,0.000125,0.000167,300,1,1,1,300,27608,4.1E-05,0.000375,27696,27775,0.000167
"JobDebuggerFrameMaintenance",0.000125,4.1E-05,0.003625,27837,27621,27822,3,3,0.0560850010879221,0.00018695,0.000125,0.000208,300,1,1,1,300,27608,4.1E-05,0.003625,27621,27822,4.1E-05
"EarlyUpdate.ProcessMouseInWindow",0.000125,4.1E-05,0.000459,27840,27656,27906,2,2,0.0436690009082668,0.0001455633,0.000125,0.000167,300,1,1,1,300,27608,4.1E-05,0.000459,27656,27906,0.000167
"PreUpdate.Physics2DUpdate",0.000125,4.1E-05,0.000708,27867,27686,27726,2,2,0.0477100010393769,0.0001590333,0.000125,0.000167,300,1,1,1,300,27608,4.1E-05,0.000708,27686,27726,0.000125
"Profiler.FlushFileIOCounters",0.000125,4.2E-05,0.003,27878,27653,27877,2,2,0.0461370011980762,0.00015379,0.000125,0.000167,300,1,1,1,300,27608,4.2E-05,0.003,27653,27877,0.000125
"SkinnedMeshFinalizeUpdate",0.000124,0,0.002584,27731,27616,27686,4,7,0.0361749996664003,0.0001205833,8.3E-05,0.000126,1200,4,4,4,300,27608,0,0.0025,27608,27686,0.000124
"MeshRendererFinalizeUpdate",0.000123,0,0.000334,27752,27616,27678,4,7,0.0328859997680411,0.00010962,8.3E-05,0.000126,1200,4,4,4,300,27608,0,0.000209,27609,27906,8.4E-05
"PostLateUpdate.UpdateVideoTextures",8.4E-05,4.1E-05,0.002333,27625,27615,27861,2,2,0.0313340006105136,0.0001044467,4.2E-05,0.000125,300,1,1,1,300,27608,4.1E-05,0.002333,27615,27861,0.000167
"Physics2D.InterpolatePoses",8.4E-05,0,0.000333,27640,27656,27906,3,3,0.0286250003773603,9.541667E-05,8.3E-05,0.000125,300,1,1,1,300,27608,0,0.000333,27656,27906,4.2E-05
"AddActiveLocalLights",8.4E-05,4.1E-05,0.000167,27734,27646,27739,6,6,0.00141800001438241,8.341177E-05,4.2E-05,8.4E-05,17,1,1,1,17,27646,4.1E-05,0.000167,27646,27739,0
"Director.PrepareFrame",8.4E-05,0,0.000292,27849,27622,27792,3,3,0.0304209997848375,0.0001014033,8.2E-05,0.000125,1538,5,5,7,300,27608,0,0.000209,27608,27644,4.2E-05
"EnlightenRuntimeManager.AddCustomLights",8.4E-05,0,0.00025,27867,27811,27608,6,6,0.0310720006091287,0.0001035733,8.3E-05,0.000125,300,1,1,1,300,27608,0,0.00025,27811,27608,8.3E-05
"Initialization.SynchronizeInputs",8.4E-05,0,0.00025,27883,27644,27632,2,2,0.0323730005766265,0.00010791,8.3E-05,0.000125,300,1,1,1,300,27608,0,0.00025,27644,27632,0.000125
"NavMeshManager",8.3E-05,0,0.00025,27609,27616,27775,3,3,0.0223360002273694,7.445333E-05,4.2E-05,8.4E-05,300,1,1,1,300,27608,0,0.00025,27616,27775,8.3E-05
"PreLateUpdate.DirectorDeferredEvaluate",8.3E-05,0,0.003209,27645,27674,27871,2,2,0.0243720000071335,8.124E-05,4.2E-05,8.3E-05,300,1,1,1,300,27608,0,0.003209,27674,27871,0.000125
"EarlyUpdate.SpriteAtlasManagerUpdate",8.3E-05,0,0.003375,27663,27618,27880,2,2,0.0239170003042091,7.972334E-05,4.2E-05,8.4E-05,300,1,1,1,300,27608,0,0.003375,27618,27880,0
"Profiler.CollectVideoStats",8.3E-05,0,0.000417,27663,27608,27907,3,3,0.0222060002051876,7.402E-05,4.2E-05,8.4E-05,300,1,1,1,300,27608,0,0.000417,27608,27907,4.2E-05
"Physics2D.SyncColliderTransformChanges",8.3E-05,4.1E-05,0.000208,27669,27681,27714,5,5,0.00174800000240793,9.2E-05,4.2E-05,0.000125,19,1,1,1,19,27619,4.1E-05,0.000208,27681,27714,0
"EarlyUpdate.ClearIntermediateRenderers",8.3E-05,0,0.000333,27676,27722,27775,2,2,0.0212889999020263,7.096333E-05,4.2E-05,8.3E-05,300,1,1,1,300,27608,0,0.000333,27722,27775,8.3E-05
"PostLateUpdate.ScriptRunDelayedDynamicFrameRate",8.3E-05,4.1E-05,0.000166,27690,27627,27630,2,2,0.0205029997960082,6.834333E-05,4.2E-05,8.3E-05,300,1,1,1,300,27608,4.1E-05,0.000166,27627,27630,8.3E-05
"Physics2D.SyncRigidbodyTransformChanges",8.3E-05,0,0.000167,27698,27636,27819,5,5,0.0016240000113612,8.547369E-05,4.2E-05,0.000125,19,1,1,1,19,27619,0,0.000167,27636,27819,0
"EarlyUpdate.RendererNotifyInvisible",8.3E-05,0,0.000375,27715,27904,27678,2,2,0.0236770000337856,7.892333E-05,4.2E-05,8.4E-05,300,1,1,1,300,27608,0,0.000375,27904,27678,4.2E-05
"PostLateUpdate.VFXUpdate",8.3E-05,0,0.003209,27722,27624,27817,2,2,0.0261360002186848,8.712E-05,4.2E-05,8.4E-05,300,1,1,1,300,27608,0,0.003209,27624,27817,0.000125
"FixedUpdate.ScriptRunDelayedFixedFrameRate",8.3E-05,4.2E-05,8.4E-05,27730,27747,27636,2,2,0.001375999985612,7.242105E-05,4.2E-05,8.3E-05,19,1,1,1,19,27619,4.2E-05,8.4E-05,27747,27636,0
"EarlyUpdate.UpdateAsyncReadbackManager",8.3E-05,0,0.00025,27752,27629,27792,2,2,0.0237120003293967,7.904E-05,4.2E-05,0.000125,300,1,1,1,300,27608,0,0.00025,27629,27792,0.000125
"PostLateUpdate.PhysicsSkinnedClothFinishUpdate",8.3E-05,4.1E-05,0.000167,27752,27621,27608,2,2,0.0229150000377558,7.638333E-05,4.2E-05,8.4E-05,300,1,1,1,300,27608,4.1E-05,0.000167,27621,27608,8.3E-05
"Initialization.UpdateCameraMotionVectors",8.3E-05,0,0.000667,27753,27611,27678,2,2,0.0230539999174653,7.684666E-05,4.2E-05,8.4E-05,300,1,1,1,300,27608,0,0.000667,27611,27678,4.2E-05
"Render.Prepare",8.3E-05,4.1E-05,0.00025,27761,27621,27849,4,4,0.0232809999142773,7.760333E-05,4.2E-05,8.4E-05,300,1,1,1,300,27608,4.1E-05,0.00025,27621,27849,0.000125
"PreLateUpdate.DirectorUpdateAnimationEnd",8.3E-05,4.1E-05,0.000209,27765,27618,27846,2,2,0.0225849998023477,7.528333E-05,4.2E-05,8.4E-05,300,1,1,1,300,27608,4.1E-05,0.000209,27618,27846,8.4E-05
"PostLateUpdate.DirectorLateUpdate",8.3E-05,4.1E-05,0.000208,27770,27613,27685,2,2,0.0225429997954052,7.514333E-05,8.3E-05,8.4E-05,300,1,1,1,300,27608,4.1E-05,0.000208,27613,27685,8.3E-05
"EarlyUpdate.UpdateStreamingManager",8.3E-05,0,0.000292,27773,27610,27775,2,2,0.0251640001661144,8.388E-05,4.2E-05,8.4E-05,300,1,1,1,300,27608,0,0.000292,27610,27775,4.2E-05
"PreLateUpdate.DirectorUpdateAnimationBegin",8.3E-05,4.1E-05,0.000209,27773,27617,27847,2,2,0.0225839997801813,7.528E-05,8.3E-05,8.4E-05,300,1,1,1,300,27608,4.1E-05,0.000209,27617,27847,8.3E-05
"PreUpdate.WindUpdate",8.3E-05,0,0.000625,27786,27611,27775,2,2,0.0274500003724825,9.15E-05,4.2E-05,0.000125,300,1,1,1,300,27608,0,0.000625,27611,27775,0.000125
"PostLateUpdate.ParticleSystemEndUpdateAll",8.3E-05,0,0.00025,27793,27725,27775,2,2,0.0269060002538026,8.968667E-05,4.2E-05,0.000125,300,1,1,1,300,27608,0,0.00025,27725,27775,0.000125
"PostLateUpdate.DirectorRenderImage",8.3E-05,4.1E-05,0.000167,27811,27709,27898,2,2,0.0253989998818724,8.466333E-05,8.3E-05,8.4E-05,300,1,1,1,300,27608,4.1E-05,0.000167,27709,27898,8.3E-05
"FixedUpdate.DirectorFixedUpdatePostPhysics",8.3E-05,4.1E-05,0.000125,27819,27747,27636,2,2,0.00137799999356503,7.252632E-05,4.2E-05,8.4E-05,19,1,1,1,19,27619,4.1E-05,0.000125,27747,27636,0
"ApplyPass.PrepareKeywords",8.3E-05,0,0.004166,27822,27608,27856,6,6,0.0283330003148876,9.444333E-05,4.2E-05,8.4E-05,300,1,1,1,300,27608,0,0.004166,27608,27856,8.3E-05
"EarlyUpdate.AnalyticsCoreStatsUpdate",8.3E-05,0,0.000333,27830,27680,27792,2,2,0.0275000004694448,9.166667E-05,4.2E-05,0.000125,300,1,1,1,300,27608,0,0.000333,27680,27792,8.3E-05
"UGUI.Rendering.RenderOverlays",8.3E-05,0,0.000291,27838,27610,27677,2,2,0.0250490003381856,8.349667E-05,4.2E-05,0.000125,300,1,1,1,300,27608,0,0.000291,27610,27677,8.4E-05
"Director.ProcessFrame",8.3E-05,0,0.000251,27866,27612,27707,3,3,0.0259629998035962,8.654333E-05,4.2E-05,0.000125,1538,5,5,7,300,27608,0,0.000167,27608,27738,0.000125
"RenderForwardOpaque.Prepare",8.3E-05,4.1E-05,0.00025,27879,27645,27670,5,5,0.0279950002441183,9.331667E-05,8.3E-05,0.000125,300,1,1,1,300,27608,4.1E-05,0.00025,27645,27670,8.3E-05
"Render.MotionVectors",8.3E-05,0,0.000375,27895,27769,27754,4,4,0.0295040002820315,9.834667E-05,8.3E-05,0.000125,300,1,1,1,300,27608,0,0.000375,27769,27754,8.3E-05
"ScheduleCullingGroups",4.2E-05,0,0.000208,27610,27611,27759,4,4,0.0122460000275169,4.082E-05,0,8.3E-05,300,1,1,1,300,27608,0,0.000208,27611,27759,0
"addCustomLights.Invoke",4.2E-05,0,0.000125,27611,27609,27816,7,7,0.00971099989692448,3.237E-05,0,4.2E-05,600,2,2,2,300,27608,0,8.4E-05,27608,27905,0
"RenderTexture.SetActive",4.2E-05,0,0.000126,27619,27608,27659,3,4,0.0109219998848857,3.640667E-05,0,4.2E-05,900,3,3,3,300,27608,0,4.2E-05,27608,27610,4.1E-05
"EarlyUpdate.GpuTimestamp",4.2E-05,0,0.001625,27638,27610,27678,2,2,0.0142840000116848,4.761333E-05,4.1E-05,4.2E-05,300,1,1,1,300,27608,0,0.001625,27610,27678,4.2E-05
"FixedUpdate.ClearLines",4.2E-05,0,4.2E-05,27652,27619,27652,2,2,0.000624999993306119,3.289474E-05,4.1E-05,4.2E-05,19,1,1,1,19,27619,0,4.2E-05,27619,27652,0
"Update Lights",4.2E-05,0,0.000167,27654,27612,27709,3,3,0.0118789998814464,3.959667E-05,0,4.2E-05,600,2,2,2,300,27608,0,0.000125,27609,27709,4.2E-05
"TimeManager.Update",4.2E-05,0,0.0005,27668,27609,27777,3,3,0.0123809999277,4.127E-05,0,4.2E-05,300,1,1,1,300,27608,0,0.0005,27609,27777,4.2E-05
"FixedUpdate.LegacyFixedAnimationUpdate",4.2E-05,0,0.000208,27669,27652,27792,2,2,0.00108300000283634,5.7E-05,4.1E-05,8.3E-05,19,1,1,1,19,27619,0,0.000208,27652,27792,0
"PreUpdate.UpdateVideo",4.2E-05,0,0.00025,27679,27612,27678,2,2,0.0126369999707094,4.212333E-05,4.1E-05,4.2E-05,300,1,1,1,300,27608,0,0.00025,27612,27678,4.1E-05
"LightProbeProxyVolumeManager.Update",4.2E-05,0,0.008666,27698,27612,27831,3,3,0.0251680004002992,8.389333E-05,0,8.3E-05,300,1,1,1,300,27608,0,0.008666,27612,27831,8.3E-05
"EnlightenRuntimeManager.RemoveCustomLights",4.2E-05,0,0.000166,27699,27610,27785,7,7,0.0134979999711504,4.499333E-05,0,8.3E-05,300,1,1,1,300,27608,0,0.000166,27610,27785,4.2E-05
"Profiler.CollectGIStats",4.2E-05,0,0.000833,27700,27608,27907,3,3,0.0145379999739816,4.846E-05,0,8.3E-05,300,1,1,1,300,27608,0,0.000833,27608,27907,4.1E-05
"EditorConnection.RefreshObservablePlayerList",4.2E-05,0,0.000125,27705,27617,27682,3,3,0.0128339998918818,4.278E-05,4.1E-05,4.2E-05,300,1,1,1,300,27608,0,0.000125,27617,27682,4.2E-05
"PreLateUpdate.Physics2DLateUpdate",4.2E-05,0,0.000209,27715,27613,27905,2,2,0.0150719999510329,5.024E-05,4.1E-05,8.3E-05,300,1,1,1,300,27608,0,0.000209,27613,27905,8.3E-05
"PostLateUpdate.EndGraphicsJobsAfterScriptLateUpdate",4.2E-05,0,8.4E-05,27717,27614,27613,2,2,0.01366699985374,4.555667E-05,4.1E-05,4.2E-05,300,1,1,1,300,27608,0,8.4E-05,27614,27613,4.2E-05
"BeginRenderQueueExtraction",4.2E-05,0,0.000167,27718,27636,27677,4,4,0.0150719998928253,5.024E-05,4.1E-05,4.2E-05,300,1,1,1,300,27608,0,0.000167,27636,27677,4.2E-05
"PostLateUpdate.SortingGroupsUpdate",4.2E-05,0,0.002917,27720,27610,27616,2,2,0.0226700001949212,7.556667E-05,4.1E-05,4.2E-05,300,1,1,1,300,27608,0,0.002917,27610,27616,4.2E-05
"Semaphore.WaitForSignal",4.2E-05,0,0.014041,27737,27609,27726,3,7,0.197332000650931,0.0006577733,0,0.000125,345,1,1,3,300,27608,0,0.013875,27609,27726,4.2E-05
"FindLocalShadowCastingLights",4.2E-05,0,4.2E-05,27739,27734,27646,6,6,0.000625999993644655,3.682353E-05,4.1E-05,4.2E-05,17,1,1,1,17,27646,0,4.2E-05,27734,27646,0
"ParticleSystem.EndUpdateAll",4.2E-05,0,0.000209,27740,27608,27888,3,3,0.0168650000487105,5.621667E-05,4.1E-05,8.3E-05,300,1,1,1,300,27608,0,0.000209,27608,27888,0.000125
"RenderForwardAlpha.Prepare",4.2E-05,0,0.000125,27742,27721,27619,5,5,0.0151689998529037,5.056333E-05,4.1E-05,4.2E-05,300,1,1,1,300,27608,0,0.000125,27721,27619,4.2E-05
"suspendPointHook.Invoke",4.2E-05,0,0.00025,27743,27613,27818,6,6,0.0140929999543005,4.697667E-05,4.1E-05,4.2E-05,300,1,1,1,300,27608,0,0.00025,27613,27818,0.000208
"PostLateUpdate.InputEndFrame",4.2E-05,0,0.000333,27748,27609,27905,2,2,0.0160820000091917,5.360667E-05,4.1E-05,8.3E-05,300,1,1,1,300,27608,0,0.000333,27609,27905,4.1E-05
"ReflectionProbeAnchorManagerUpdate",4.2E-05,0,0.001417,27760,27614,27789,4,5,0.017938999873877,5.979666E-05,4.1E-05,8.3E-05,600,2,2,2,300,27608,0,0.001375,27609,27789,4.2E-05
"EarlyUpdate.XRUpdate",4.2E-05,0,0.000334,27779,27645,27775,2,2,0.017171999985294,5.724E-05,4.1E-05,8.3E-05,300,1,1,1,300,27608,0,0.000334,27645,27775,0
"FrameEvents.XREndFrame",4.2E-05,0,0.000125,27795,27609,27647,3,3,0.0157069998604129,5.235667E-05,4.1E-05,8.3E-05,300,1,1,1,300,27608,0,0.000125,27609,27647,4.1E-05
"LateBehaviourUpdate",4.2E-05,0,0.000208,27799,27624,27775,3,3,0.0179979999447824,5.999333E-05,4.2E-05,8.3E-05,300,1,1,1,300,27608,0,0.000208,27624,27775,4.2E-05
"PostLateUpdate.UpdateVideo",4.2E-05,0,0.003958,27814,27745,27877,2,2,0.0224059997926815,7.468666E-05,4.2E-05,8.3E-05,300,1,1,1,300,27608,0,0.003958,27745,27877,8.3E-05
"Preload Single Step",4.2E-05,0,0.001292,27819,27669,27822,6,6,0.0266150001916685,8.871667E-05,4.2E-05,8.3E-05,300,1,1,1,300,27608,0,0.001292,27669,27822,4.2E-05
"FixedUpdate.DirectorFixedSampleTime",4.2E-05,0,8.4E-05,27835,27652,27681,2,2,0.000963999991654418,5.073684E-05,4.2E-05,8.4E-05,19,1,1,1,19,27619,0,8.4E-05,27652,27681,0
"PreLateUpdate.LegacyAnimationUpdate",4.2E-05,0,0.000208,27844,27612,27834,2,2,0.0200340000956203,6.678E-05,4.2E-05,8.3E-05,300,1,1,1,300,27608,0,0.000208,27612,27834,4.2E-05
"TextRendering.CollectGarbage",4.2E-05,0,0.02925,27848,27729,27670,3,3,0.0478399996645749,0.0001594667,4.2E-05,8.3E-05,300,1,1,1,300,27608,0,0.02925,27729,27670,0
"EarlyUpdate.UnityWebRequestUpdate",4.2E-05,0,0.000291,27853,27609,27726,2,2,0.020279000105802,6.759667E-05,4.2E-05,8.3E-05,300,1,1,1,300,27608,0,0.000291,27609,27726,4.2E-05
"FindDirectionalShadowCastingLights",4.2E-05,0,0.000209,27856,27641,27818,6,6,0.0198870000531315,6.629E-05,4.2E-05,8.3E-05,300,1,1,1,300,27608,0,0.000209,27641,27818,8.3E-05
"Physics.UpdateCloth",4.2E-05,0,0.006291,27863,27612,27693,3,3,0.0251099999877624,8.37E-05,4.1E-05,8.4E-05,600,2,2,2,300,27608,0,0.006291,27611,27693,4.2E-05
"FrameEvents.XRBeginFrame",4.2E-05,0,0.000667,27898,27610,27907,2,2,0.0201580000430113,6.719333E-05,4.1E-05,8.3E-05,300,1,1,1,300,27608,0,0.000667,27610,27907,8.3E-05
"Particles.Sync",4.1E-05,0,0.000126,27614,27609,27636,3,3,0.00783199991565198,2.610667E-05,0,4.2E-05,600,2,2,2,300,27608,0,8.4E-05,27608,27636,0
"PostLateUpdate.XRPostLateUpdate",4.1E-05,0,0.000166,27640,27609,27850,2,2,0.007160999943153,2.387E-05,0,4.2E-05,300,1,1,1,300,27608,0,0.000166,27609,27850,4.2E-05
"PostLateUpdate.UpdateRectTransform",4.1E-05,0,0.000166,27642,27610,27648,2,2,0.00833299993973924,2.777667E-05,0,4.2E-05,300,1,1,1,300,27608,0,0.000166,27610,27648,0
"EarlyUpdate.PhysicsResetInterpolatedTransformPosition",4.1E-05,0,0.00425,27646,27610,27636,2,2,0.0769199991700589,0.0002564,0,4.2E-05,300,1,1,1,300,27608,0,0.00425,27610,27636,0
"Terrain.UpdateSplatProperties",4.1E-05,0,0.000167,27651,27609,27658,4,4,0.00857599995651981,2.858667E-05,0,4.2E-05,300,1,1,1,300,27608,0,0.000167,27609,27658,4.2E-05
"ParticleSystem.WaitForPreviousRenderingToFinish",4.1E-05,0,0.000334,27689,27608,27783,4,4,0.00774899994576117,2.583E-05,0,4.2E-05,300,1,1,1,300,27608,0,0.000334,27608,27783,4.1E-05
"Connections.Process",4.1E-05,0,8.3E-05,27702,27608,27775,4,4,0.0069199999270495,2.306667E-05,0,4.2E-05,300,1,1,1,300,27608,0,8.3E-05,27608,27775,0
"EarlyUpdate.UpdateMainGameViewRect",4.1E-05,0,0.000125,27717,27610,27617,2,2,0.00717699995584553,2.392333E-05,0,4.2E-05,300,1,1,1,300,27608,0,0.000125,27610,27617,0
"PrepareSceneNodesSetUp",4.1E-05,0,0.000625,27810,27620,27806,7,7,0.00762299992493354,8.285869E-05,0,0.000125,451,6,1,6,92,27620,0,0.000625,27620,27806,0
"SkinnedMeshOncePerFrameUpdate",4.1E-05,0,0.002999,27843,27611,27868,4,4,0.015870999872277,5.290333E-05,0,4.2E-05,600,2,2,2,300,27608,0,0.002958,27608,27868,4.2E-05
"FindShadowCastingLights",4.1E-05,0,0.000125,27862,27609,27727,7,7,0.00888099995063385,2.960333E-05,0,4.2E-05,317,1,1,2,300,27608,0,0.000125,27609,27727,0
"EarlyUpdate.ResetFrameStatsAfterPresent",4.1E-05,0,0.00025,27863,27610,27858,2,2,0.0103289999678964,3.443E-05,0,4.2E-05,300,1,1,1,300,27608,0,0.00025,27610,27858,4.2E-05
"ConstraintManager::Update::JobSetup",4.1E-05,0,0.000208,27884,27609,27637,4,4,0.0109559999473277,3.652E-05,0,4.2E-05,300,1,1,1,300,27608,0,0.000208,27609,27637,8.3E-05
"Active Constraints",0,0,0,27757,27608,27608,3,4,0,0,0,0,319,1,1,2,300,27608,0,0,27608,27608,0
"Active Dynamic Bodies",0,0,0,27757,27608,27608,3,4,0,0,0,0,319,1,1,2,300,27608,0,0,27608,27608,0
"Active Kinematic Bodies",0,0,0,27757,27608,27608,3,4,0,0,0,0,319,1,1,2,300,27608,0,0,27608,27608,0
"AnimationClip Count",0,0,0,27757,27608,27608,3,3,0,0,0,0,300,1,1,1,300,27608,0,0,27608,27608,0
"AnimationClip Memory",0,0,0,27757,27608,27608,3,3,0,0,0,0,300,1,1,1,300,27608,0,0,27608,27608,0
"Articulation Bodies",0,0,0,27757,27608,27608,3,4,0,0,0,0,319,1,1,2,300,27608,0,0,27608,27608,0
"Asset Count",0,0,0,27757,27608,27608,3,3,0,0,0,0,300,1,1,1,300,27608,0,0,27608,27608,0
"Atlases",0,0,0,27757,27608,27608,3,3,0,0,0,0,300,1,1,1,300,27608,0,0,27608,27608,0
"Audio Reads",0,0,0,27757,27608,27608,3,3,0,0,0,0,300,1,1,1,300,27608,0,0,27608,27608,0
"Audio Reserved Memory",0,0,0,27757,27608,27608,3,3,0,0,0,0,300,1,1,1,300,27608,0,0,27608,27608,0
"Audio Used Memory",0,0,0,27757,27608,27608,3,3,0,0,0,0,300,1,1,1,300,27608,0,0,27608,27608,0
"AudioClip Count",0,0,0,27757,27608,27608,3,3,0,0,0,0,300,1,1,1,300,27608,0,0,27608,27608,0
"AudioClip Memory",0,0,0,27757,27608,27608,3,3,0,0,0,0,300,1,1,1,300,27608,0,0,27608,27608,0
"Broadphase Adds",0,0,0,27757,27608,27608,3,4,0,0,0,0,319,1,1,2,300,27608,0,0,27608,27608,0
"Broadphase Adds/Removes",0,0,0,27757,27608,27608,3,4,0,0,0,0,319,1,1,2,300,27608,0,0,27608,27608,0
"Broadphase Removes",0,0,0,27757,27608,27608,3,4,0,0,0,0,319,1,1,2,300,27608,0,0,27608,27608,0
"Colliders Synced",0,0,0,27757,27608,27608,3,4,0,0,0,0,319,1,1,2,300,27608,0,0,27608,27608,0
"Continuous Overlaps",0,0,0,27757,27608,27608,3,4,0,0,0,0,319,1,1,2,300,27608,0,0,27608,27608,0
"Discreet Overlaps",0,0,0,27757,27608,27608,3,4,0,0,0,0,319,1,1,2,300,27608,0,0,27608,27608,0
"Dynamic Bodies",0,0,0,27757,27608,27608,3,4,0,0,0,0,319,1,1,2,300,27608,0,0,27608,27608,0
"Entities Reads",0,0,0,27757,27608,27608,3,3,0,0,0,0,300,1,1,1,300,27608,0,0,27608,27608,0
"File Bytes Read",0,0,0,27757,27608,27608,3,3,0,0,0,0,300,1,1,1,300,27608,0,0,27608,27608,0
"File Bytes Written",0,0,0,27757,27608,27608,3,3,0,0,0,0,300,1,1,1,300,27608,0,0,27608,27608,0
"File Handles Open",0,0,0,27757,27608,27608,3,3,0,0,0,0,300,1,1,1,300,27608,0,0,27608,27608,0
"File Reads Finished",0,0,0,27757,27608,27608,3,3,0,0,0,0,300,1,1,1,300,27608,0,0,27608,27608,0
"File Reads Started",0,0,0,27757,27608,27608,3,3,0,0,0,0,300,1,1,1,300,27608,0,0,27608,27608,0
"File Seeks",0,0,0,27757,27608,27608,3,3,0,0,0,0,300,1,1,1,300,27608,0,0,27608,27608,0
"Files Closed",0,0,0,27757,27608,27608,3,3,0,0,0,0,300,1,1,1,300,27608,0,0,27608,27608,0
"Files Opened",0,0,0,27757,27608,27608,3,3,0,0,0,0,300,1,1,1,300,27608,0,0,27608,27608,0
"Game Object Count",0,0,0,27757,27608,27608,3,3,0,0,0,0,300,1,1,1,300,27608,0,0,27608,27608,0
"GC Allocated In Frame",0,0,0,27757,27608,27608,3,3,0,0,0,0,300,1,1,1,300,27608,0,0,27608,27608,0
"GC Allocation In Frame Count",0,0,0,27757,27608,27608,3,3,0,0,0,0,300,1,1,1,300,27608,0,0,27608,27608,0
"GC Reserved Memory",0,0,0,27757,27608,27608,3,3,0,0,0,0,300,1,1,1,300,27608,0,0,27608,27608,0
"GC Used Memory",0,0,0,27757,27608,27608,3,3,0,0,0,0,300,1,1,1,300,27608,0,0,27608,27608,0
"Gfx Reserved Memory",0,0,0,27757,27608,27608,3,3,0,0,0,0,300,1,1,1,300,27608,0,0,27608,27608,0
"Gfx Used Memory",0,0,0,27757,27608,27608,3,3,0,0,0,0,300,1,1,1,300,27608,0,0,27608,27608,0
"Global Illumination Support",0,0,0,27757,27608,27608,3,3,0,0,0,0,300,1,1,1,300,27608,0,0,27608,27608,0
"Material Count",0,0,0,27757,27608,27608,3,3,0,0,0,0,300,1,1,1,300,27608,0,0,27608,27608,0
"Material Memory",0,0,0,27757,27608,27608,3,3,0,0,0,0,300,1,1,1,300,27608,0,0,27608,27608,0
"Max Cache Demand",0,0,0,27757,27608,27608,3,3,0,0,0,0,300,1,1,1,300,27608,0,0,27608,27608,0
"Max Cache Mip Bias",0,0,0,27757,27608,27608,3,3,0,0,0,0,300,1,1,1,300,27608,0,0,27608,27608,0
"Mesh Count",0,0,0,27757,27608,27608,3,3,0,0,0,0,300,1,1,1,300,27608,0,0,27608,27608,0
"Mesh Memory",0,0,0,27757,27608,27608,3,3,0,0,0,0,300,1,1,1,300,27608,0,0,27608,27608,0
"Mesh Reads",0,0,0,27757,27608,27608,3,3,0,0,0,0,300,1,1,1,300,27608,0,0,27608,27608,0
"Missing Disk Data",0,0,0,27757,27608,27608,3,3,0,0,0,0,300,1,1,1,300,27608,0,0,27608,27608,0
"Missing Streaming Tiles",0,0,0,27757,27608,27608,3,3,0,0,0,0,300,1,1,1,300,27608,0,0,27608,27608,0
"Modified Overlaps",0,0,0,27757,27608,27608,3,4,0,0,0,0,319,1,1,2,300,27608,0,0,27608,27608,0
"Narrowphase Lost Touches",0,0,0,27757,27608,27608,3,4,0,0,0,0,319,1,1,2,300,27608,0,0,27608,27608,0
"Narrowphase New Touches",0,0,0,27757,27608,27608,3,4,0,0,0,0,319,1,1,2,300,27608,0,0,27608,27608,0
"Narrowphase Touches",0,0,0,27757,27608,27608,3,4,0,0,0,0,319,1,1,2,300,27608,0,0,27608,27608,0
"Object Count",0,0,0,27757,27608,27608,3,3,0,0,0,0,300,1,1,1,300,27608,0,0,27608,27608,0
"Other Reads",0,0,0,27757,27608,27608,3,3,0,0,0,0,300,1,1,1,300,27608,0,0,27608,27608,0
"Overlaps",0,0,0,27757,27608,27608,3,4,0,0,0,0,319,1,1,2,300,27608,0,0,27608,27608,0
"Physics Queries",0,0,0,27757,27608,27608,3,4,0,0,0,0,319,1,1,2,300,27608,0,0,27608,27608,0
"Physics Used Memory",0,0,0,27757,27608,27608,3,4,0,0,0,0,319,1,1,2,300,27608,0,0,27608,27608,0
"Profiler Reserved Memory",0,0,0,27757,27608,27608,3,3,0,0,0,0,300,1,1,1,300,27608,0,0,27608,27608,0
"Profiler Used Memory",0,0,0,27757,27608,27608,3,3,0,0,0,0,300,1,1,1,300,27608,0,0,27608,27608,0
"Read From Disk",0,0,0,27757,27608,27608,3,3,0,0,0,0,300,1,1,1,300,27608,0,0,27608,27608,0
"Reads in Flight",0,0,0,27757,27608,27608,3,3,0,0,0,0,300,1,1,1,300,27608,0,0,27608,27608,0
"Render Textures Bytes",0,0,0,27757,27608,27608,3,3,0,0,0,0,300,1,1,1,300,27608,0,0,27608,27608,0
"Render Textures Count",0,0,0,27757,27608,27608,3,3,0,0,0,0,300,1,1,1,300,27608,0,0,27608,27608,0
"Required Tiles",0,0,0,27757,27608,27608,3,3,0,0,0,0,300,1,1,1,300,27608,0,0,27608,27608,0
"Rigidbodies Synced",0,0,0,27757,27608,27608,3,4,0,0,0,0,319,1,1,2,300,27608,0,0,27608,27608,0
"Scene Object Count",0,0,0,27757,27608,27608,3,3,0,0,0,0,300,1,1,1,300,27608,0,0,27608,27608,0
"Scripting Reads",0,0,0,27757,27608,27608,3,3,0,0,0,0,300,1,1,1,300,27608,0,0,27608,27608,0
"Static Colliders",0,0,0,27757,27608,27608,3,4,0,0,0,0,319,1,1,2,300,27608,0,0,27608,27608,0
"System Used Memory",0,0,0,27757,27608,27608,3,3,0,0,0,0,300,1,1,1,300,27608,0,0,27608,27608,0
"Texture Count",0,0,0,27757,27608,27608,3,3,0,0,0,0,300,1,1,1,300,27608,0,0,27608,27608,0
"Texture Memory",0,0,0,27757,27608,27608,3,3,0,0,0,0,300,1,1,1,300,27608,0,0,27608,27608,0
"Texture Reads",0,0,0,27757,27608,27608,3,3,0,0,0,0,300,1,1,1,300,27608,0,0,27608,27608,0
"Total CPU Cache Size",0,0,0,27757,27608,27608,3,3,0,0,0,0,300,1,1,1,300,27608,0,0,27608,27608,0
"Total GPU Cache Size",0,0,0,27757,27608,27608,3,3,0,0,0,0,300,1,1,1,300,27608,0,0,27608,27608,0
"Total Reserved Memory",0,0,0,27757,27608,27608,3,3,0,0,0,0,300,1,1,1,300,27608,0,0,27608,27608,0
"Total Used Memory",0,0,0,27757,27608,27608,3,3,0,0,0,0,300,1,1,1,300,27608,0,0,27608,27608,0
"Trigger Overlaps",0,0,0,27757,27608,27608,3,4,0,0,0,0,338,1,1,3,300,27608,0,0,27608,27608,0
"Video Reserved Memory",0,0,0,27757,27608,27608,3,3,0,0,0,0,300,1,1,1,300,27608,0,0,27608,27608,0
"Video Used Memory",0,0,0,27757,27608,27608,3,3,0,0,0,0,300,1,1,1,300,27608,0,0,27608,27608,0
"Virtual Texture Reads",0,0,0,27757,27608,27608,3,3,0,0,0,0,300,1,1,1,300,27608,0,0,27608,27608,0
"CullingGroupSendEvents",0,0,4.2E-05,27807,27608,27616,4,4,0.00325299996620743,1.084333E-05,0,4.1E-05,300,1,1,1,300,27608,0,4.2E-05,27608,27616,0
"PostLateUpdate.XRPreEndFrame",0,0,8.4E-05,27809,27608,27704,2,2,0.00404099995648721,1.347E-05,0,4.1E-05,300,1,1,1,300,27608,0,8.4E-05,27608,27704,4.2E-05
"PostLateUpdate.UpdateCaptureScreenshot",0,0,4.2E-05,27817,27611,27608,2,2,0.00337699996453011,1.125667E-05,0,4.1E-05,300,1,1,1,300,27608,0,4.2E-05,27611,27608,0
"Send messages",0,0,4.2E-05,27825,27608,27614,4,4,0.00370799996017013,1.236E-05,0,4.1E-05,300,1,1,1,300,27608,0,4.2E-05,27608,27614,4.2E-05
"Profiler.CollectUICanvasStats",0,0,8.3E-05,27826,27608,27777,3,3,0.00399999995715916,1.333333E-05,0,4.1E-05,300,1,1,1,300,27608,0,8.3E-05,27608,27777,0
"EarlyUpdate.PerformanceAnalyticsUpdate",0,0,0.000167,27831,27610,27678,2,2,0.00467099996603793,1.557E-05,0,4.1E-05,300,1,1,1,300,27608,0,0.000167,27610,27678,4.1E-05
"Terrain.Trees.OnWillRender",0,0,8.4E-05,27831,27608,27849,7,7,0.00433499995415332,1.445E-05,0,4.1E-05,300,1,1,1,300,27608,0,8.4E-05,27608,27849,4.2E-05
"Transform.GetScene",0,0,4.2E-05,27831,27608,27621,7,7,0.00408399995649233,1.361333E-05,0,4.1E-05,300,1,1,1,300,27608,0,4.2E-05,27608,27621,4.2E-05
"EndRenderQueueExtraction",0,0,0.000208,27832,27609,27849,4,4,0.00508099995931843,1.693667E-05,0,4.1E-05,300,1,1,1,300,27608,0,0.000208,27609,27849,0
"PostLateUpdate.ResetInputAxis",0,0,8.3E-05,27832,27611,27905,2,2,0.00446099995315308,1.487E-05,0,4.1E-05,300,1,1,1,300,27608,0,8.3E-05,27611,27905,0
"UIEvents.UpdateCanvasRectTransform",0,0,8.4E-05,27838,27609,27849,3,3,0.00419799995142967,1.399333E-05,0,4.1E-05,300,1,1,1,300,27608,0,8.4E-05,27609,27849,4.2E-05
"Initialization.SynchronizeState",0,0,4.2E-05,27848,27608,27612,2,2,0.00512699994578725,1.709E-05,0,4.2E-05,300,1,1,1,300,27608,0,4.2E-05,27608,27612,4.2E-05
"TextureStreamingManager.Update",0,0,8.4E-05,27849,27609,27617,3,3,0.00513099994714139,1.710333E-05,0,4.2E-05,300,1,1,1,300,27608,0,8.4E-05,27609,27617,4.2E-05
"PostLateUpdate.GUIClearEvents",0,0,0.000209,27855,27608,27849,2,2,0.00603499997669132,2.011667E-05,0,4.1E-05,300,1,1,1,300,27608,0,0.000209,27608,27849,8.4E-05
"SortingGroupManager.Update",0,0,0.002833,27858,27608,27616,3,3,0.0109999999403954,3.666667E-05,0,4.2E-05,300,1,1,1,300,27608,0,0.002833,27608,27616,0
"Connections.Poll",0,0,0.004291,27864,27609,27713,4,4,0.0096649998013163,3.221667E-05,0,4.2E-05,300,1,1,1,300,27608,0,0.004291,27609,27713,4.2E-05
"UIEvents.AlignCanvasRectTransformWithCamera",0,0,0.000125,27869,27611,27703,3,3,0.00625299994135275,2.084333E-05,0,4.2E-05,300,1,1,1,300,27608,0,0.000125,27611,27703,0
"EarlyUpdate.UpdateCanvasRectTransform",0,0,0.000125,27873,27608,27728,2,2,0.00587799995264504,1.959333E-05,0,4.2E-05,300,1,1,1,300,27608,0,0.000125,27608,27728,0
"PreUpdate.CheckTexFieldInput",0,0,8.3E-05,27883,27608,27637,2,2,0.00578799993672874,1.929333E-05,0,4.2E-05,300,1,1,1,300,27608,0,8.3E-05,27608,27637,4.2E-05
"FixedUpdate.PhysicsClothFixedUpdate",0,0,4.2E-05,27884,27619,27636,2,2,0.000333999996655621,1.757895E-05,0,4.2E-05,19,1,1,1,19,27619,0,4.2E-05,27619,27636,0
